id;event_id;type;processed_at
1;although codon lest;spanish oppose;2025-04-22T00:57:33
2;unless interlace;via;2025-04-22T05:58:49
3;icing journal;ew sportsman since;2025-04-22T12:42:48
4;save zowie;towards;2025-04-22T14:15:22
5;hmph if wetly;gripping;2025-04-22T01:49:25
6;aboard that well-informed;thankfully;2025-04-22T19:03:49
7;damp;constitute past cocoon;2025-04-22T09:32:43
8;ally;starchy now;2025-04-22T04:26:15
9;reality fault;why gee oeuvre;2025-04-22T02:29:04
10;aboard;ha um unaccountably;2025-04-22T02:15:07
