id;stripe_customer_id;stripe_subscription_id;stripe_price_id;stripe_current_period_end;status
1;uh-huh front anteater;inasmuch whose paddock;phew summarise;2025-04-22T02:57:19;empowerment following
2;whirlwind broken;burp um;truthful whenever plus;2025-04-21T21:18:34;righteously luxurious manoeuvre
3;ouch exchange likewise;dearly;unethically stiff brr;2025-04-22T05:39:10;barring notwithstanding
4;lucky opinion;disconnection;dance platypus;2025-04-21T20:00:05;wherever eek
5;sheepishly impossible;zone pish;notable squash;2025-04-22T13:14:55;wherever
6;treat versus zowie;yum woot;defect splutter;2025-04-22T10:26:52;freedom
7;boohoo breach;wary lest finally;wearily puggle retrench;2025-04-22T19:24:12;phooey whose
8;reproachfully uh-huh;an;amongst;2025-04-22T12:39:46;backspace hm smelt
9;prairie boo;barring;vapid;2025-04-22T17:37:34;apropos brr
10;boo;aha;queasily yuck bog;2025-04-21T20:26:46;ack
