id;title;description;status;priority;due_date;completed;user_id;created_at;updated_at
1;multicolored acidic that;spec to where;overconfidently;mmm afore pride;2025-04-22T07:41:33;false;anti who;2025-04-22T13:46:05;2025-04-22T07:02:08
2;bravely;pastor;provided brightly when;psst anenst;2025-04-21T22:54:52;false;improbable briefly loftily;2025-04-22T17:29:44;2025-04-21T22:17:53
3;drat now clearly;suddenly divvy ick;overconfidently towards or;per blah;2025-04-22T01:30:51;true;to pitch lacquerware;2025-04-22T00:31:35;2025-04-22T10:48:49
4;slowly winding;quirkily skullcap plump;measly wherever steamroller;upbeat;2025-04-21T20:56:46;false;aw;2025-04-22T18:38:06;2025-04-22T14:19:35
5;gah serpentine;alarmed;within anticodon;unlike ionize scarcely;2025-04-22T05:31:06;true;few supposing;2025-04-22T13:38:31;2025-04-22T10:37:58
6;busily brightly;softly content limply;on commonly given;behoove what prisoner;2025-04-22T08:34:08;true;er;2025-04-22T09:51:31;2025-04-22T09:01:09
7;with;yet ack spending;sharply safely exhibit;spherical beside;2025-04-22T17:51:41;true;almost ascot;2025-04-22T07:52:19;2025-04-22T07:42:47
8;until boo psst;ouch between;abaft act zowie;artistic impolite;2025-04-22T18:09:20;false;awkwardly fearful;2025-04-22T19:27:04;2025-04-21T22:28:58
9;versus;stud;alongside tilt shy;within aircraft someone;2025-04-22T01:21:52;false;frightfully hungrily;2025-04-22T18:38:57;2025-04-22T04:40:53
10;rate utilise;actually psst;while provision ick;hamstring;2025-04-22T07:31:32;false;but format;2025-04-22T06:16:57;2025-04-22T03:57:39
