id;user_id;first_name;last_name;email;phone;address_line_1;address_line_2;city;state;zip_code;country;notes;created_at;updated_at
1;competent each egg;Jules;O'Kon;Madisen_Rosenbaum@hotmail.com;842-323-2148 x597;accentuate;indeed about;Malcolmfurt;loudly whereas sprag;58147-9622;Norfolk Island;mainstream;2025-04-22T07:13:27;2025-04-21T20:49:43
2;stupendous next;Eliane;Kuhic;Tess_Graham10@yahoo.com;(971) 200-5047 x13291;that helpless oats;whoever up;Cartwrightstead;where;10184-5742;Sint Maarten;between greatly so;2025-04-22T18:47:40;2025-04-22T11:22:18
3;expensive rifle;Victoria;Farrell;Cullen_Sipes@gmail.com;633-231-7881 x148;sweetly;minus ouch;Fort Ericka;anenst aha;68010;Tunisia;supposing provider;2025-04-22T11:02:55;2025-04-22T19:26:05
4;cylindrical whimsical boohoo;Yvette;Hane;Bernhard_Harber46@hotmail.com;748.748.6379;willfully politely wearily;suspension real;Hutchinson;to hairy;95334;Myanmar;ouch;2025-04-21T22:43:27;2025-04-22T14:09:45
5;twine;Colt;Koelpin;Abagail_Kutch35@gmail.com;(819) 861-1022 x223;if hmph mutt;but;Port Eudora;mainland behind;96890-6690;Virgin Islands, British;what under mention;2025-04-22T16:49:32;2025-04-22T01:14:58
6;eek;Carley;West;Anissa_Greenholt@hotmail.com;945.775.5956 x012;oh boastfully;adventurously lest;Aufderharport;monthly;91142-8501;China;reshuffle;2025-04-22T09:47:00;2025-04-22T14:15:00
7;excluding;Chauncey;Mohr;Aisha.Lowe@yahoo.com;522.218.6498 x762;given conspire eminent;jubilant gadzooks;Elyria;whether;27601;Mauritania;times beneath;2025-04-22T09:54:24;2025-04-22T03:13:18
8;motor lest;Kyler;Predovic;Rashawn_Denesik40@gmail.com;401-453-1221 x931;so;incommode since;Lake Augustineboro;gee once donut;52223;Morocco;showy noisily menacing;2025-04-22T15:23:52;2025-04-22T18:27:48
9;journey bumpy;Maybell;Bauch;Garret_Adams@gmail.com;(978) 336-8656;plunger physically;till since;Fort Nolatown;meaty;46942-1542;Thailand;fooey;2025-04-22T00:34:04;2025-04-21T20:49:57
10;misrepresentation;Effie;Ankunding;Margret.Carter@hotmail.com;1-789-517-0389;petal eek;animated bland;Rodriguezberg;bah filthy value;18115;Brazil;phew;2025-04-22T05:48:27;2025-04-22T00:17:43
